"데이터 수신 시간","운전 상태","운전 모드","재배 일자","CO2 평균값","온도 평균값","습도 평균값","조도 평균값","CO2_1","온도_1","습도_1","조도_1","CO2_2","온도_2","습도_2","조도_2","CO2_3","온도_3","습도_3","조도_3","CO2_4","온도_4","습도_4","조도_4","CO2 제어방식","CO2 설정값1","CO2 설정값2","온도 제어방식","온도 설정값1","온도 설정값2","습도 제어방식","습도 설정값1","습도 설정값2","조도 제어방식","조도 설정값1","조도 설정값2","CO2 릴레이동작","난방 릴레이 동작","냉방 릴레이 동작","가습 릴레이 동작","제습 릴레이 동작","조명 릴레이 동작","알람 릴레이 동작"
"2025-05-01 00:00:36","운전","단일제어","99","1137","19.1","91.2","0","1137","19.1","91.2","0","0","0.0","0.0","0","0","0.0","0.0","0","0","0.0","0.0","0","자동","1200","10분/10분","자동","20.0","10분/10분","자동","95.0","10분/10분","자동","9","10분/10분","정지","정지","정지","동작","정지","동작","정지"
"2025-05-02 00:00:35","운전","단일제어","99","1220","20.0","102.1","0","1220","20.0","102.1","0","0","0.0","0.0","0","0","0.0","0.0","0","0","0.0","0.0","0","자동","1200","10분/10분","자동","20.0","10분/10분","자동","95.0","10분/10분","자동","9","10분/10분","정지","정지","정지","정지","동작","동작","정지"
"2025-05-03 00:00:35","운전","단일제어","99","1417","19.8","99.2","0","1417","19.8","99.2","0","0","0.0","0.0","0","0","0.0","0.0","0","0","0.0","0.0","0","자동","1400","10분/10분","자동","20.0","10분/10분","자동","95.0","10분/10분","자동","9","10분/10분","정지","동작","정지","정지","동작","동작","정지"
"2025-05-04 00:00:35","운전","단일제어","99","1472","19.6","101.1","0","1472","19.6","101.1","0","0","0.0","0.0","0","0","0.0","0.0","0","0","0.0","0.0","0","자동","1400","10분/10분","자동","20.0","10분/10분","자동","95.0","10분/10분","자동","9","10분/10분","정지","동작","정지","정지","동작","동작","정지"
"2025-05-05 00:00:34","운전","단일제어","99","1412","20.0","96.6","0","1412","20.0","96.6","0","0","0.0","0.0","0","0","0.0","0.0","0","0","0.0","0.0","0","자동","1400","10분/10분","자동","20.0","10분/10분","자동","95.0","10분/10분","자동","9","10분/10분","정지","정지","정지","정지","동작","동작","정지"
"2025-05-08 00:00:33","운전","단일제어","99","1382","19.7","99.9","0","1382","19.7","102.7","0","0","0.0","0.0","0","0","0.0","0.0","0","0","0.0","0.0","0","자동","1400","10분/10분","자동","20.0","10분/10분","자동","95.0","10분/10분","자동","9","10분/10분","정지","동작","정지","정지","동작","동작","정지"
"2025-05-09 00:00:33","운전","단일제어","99","484","14.9","94.9","0","484","14.9","94.9","0","0","0.0","0.0","0","0","0.0","0.0","0","0","0.0","0.0","0","자동","1400","10분/10분","자동","20.0","10분/10분","자동","95.0","10분/10분","자동","9","10분/10분","정지","동작","정지","정지","정지","동작","동작"
"2025-05-10 00:00:34","운전","단일제어","99","346","14.8","102.8","0","346","14.8","102.8","0","0","0.0","0.0","0","0","0.0","0.0","0","0","0.0","0.0","0","자동","1400","10분/10분","자동","20.0","10분/10분","자동","95.0","10분/10분","자동","9","10분/10분","정지","동작","정지","정지","동작","동작","동작"
"2025-05-11 00:00:32","운전","단일제어","99","1429","21.9","92.6","0","1429","21.9","92.6","0","0","0.0","0.0","0","0","0.0","0.0","0","0","0.0","0.0","0","자동","1400","10분/10분","자동","22.0","10분/10분","자동","95.0","10분/10분","자동","9","10분/10분","정지","정지","정지","동작","정지","동작","동작"
"2025-05-12 00:00:32","운전","단일제어","99","1473","21.9","96.3","0","1473","22.0","96.4","0","0","0.0","0.0","0","0","0.0","0.0","0","0","0.0","0.0","0","자동","1400","10분/10분","자동","22.0","10분/10분","자동","95.0","10분/10분","자동","9","10분/10분","정지","동작","정지","정지","동작","동작","정지"
"2025-05-13 00:00:31","운전","단일제어","99","393","14.0","96.8","0","393","14.0","96.8","0","0","0.0","0.0","0","0","0.0","0.0","0","0","0.0","0.0","0","자동","1400","10분/10분","자동","22.0","10분/10분","자동","95.0","10분/10분","자동","9","10분/10분","정지","동작","정지","정지","동작","동작","동작"
"2025-05-14 00:00:31","운전","단일제어","99","1459","21.7","91.7","0","1451","21.7","91.7","0","0","0.0","0.0","0","0","0.0","0.0","0","0","0.0","0.0","0","자동","1400","10분/10분","자동","22.0","10분/10분","자동","95.0","10분/10분","자동","9","10분/10분","동작","정지","정지","동작","정지","동작","정지"
"2025-05-15 00:00:31","운전","단일제어","99","1317","21.4","95.1","0","1317","21.4","95.1","0","0","0.0","0.0","0","0","0.0","0.0","0","0","0.0","0.0","0","자동","1400","10분/10분","자동","22.0","10분/10분","자동","95.0","10분/10분","자동","9","10분/10분","정지","정지","정지","정지","정지","동작","정지"
"2025-05-16 00:00:18","운전","단일제어","99","977","8.0","98.0","0","977","8.0","98.0","0","0","0.0","0.0","0","0","0.0","0.0","0","0","0.0","0.0","0","자동","1400","10분/10분","자동","7.0","10분/10분","자동","95.0","10분/10분","자동","9","10분/10분","정지","정지","동작","정지","동작","동작","정지"
"2025-05-17 00:00:18","운전","단일제어","99","1335","13.2","99.4","0","1335","13.2","99.4","0","0","0.0","0.0","0","0","0.0","0.0","0","0","0.0","0.0","0","자동","1400","10분/10분","자동","13.0","10분/10분","자동","95.0","10분/10분","자동","9","10분/10분","정지","정지","정지","정지","동작","동작","정지"
"2025-05-18 00:00:17","운전","단일제어","99","1355","16.6","98.7","0","1355","16.6","98.7","0","0","0.0","0.0","0","0","0.0","0.0","0","0","0.0","0.0","0","자동","1400","10분/10분","자동","16.0","10분/10분","자동","95.0","10분/10분","자동","9","10분/10분","정지","정지","정지","정지","동작","동작","정지"
"2025-05-19 00:00:17","운전","단일제어","99","1320","16.5","98.0","0","1320","16.5","98.0","0","0","0.0","0.0","0","0","0.0","0.0","0","0","0.0","0.0","0","자동","1400","10분/10분","자동","16.0","10분/10분","자동","95.0","10분/10분","자동","9","10분/10분","정지","정지","정지","정지","동작","동작","정지"
"2025-05-20 00:00:17","운전","단일제어","99","1214","15.0","93.6","0","1214","15.0","93.6","0","0","0.0","0.0","0","0","0.0","0.0","0","0","0.0","0.0","0","자동","1300","10분/10분","자동","15.0","10분/10분","자동","95.0","10분/10분","자동","9","10분/10분","정지","정지","정지","동작","정지","동작","정지"
"2025-05-21 00:00:17","운전","단일제어","99","1339","17.8","98.7","0","1339","17.8","98.7","0","0","0.0","0.0","0","0","0.0","0.0","0","0","0.0","0.0","0","자동","1300","10분/10분","자동","17.0","10분/10분","자동","95.0","10분/10분","자동","9","10분/10분","정지","정지","정지","정지","동작","동작","정지"
"2025-05-22 00:00:17","운전","단일제어","99","1257","16.2","98.2","0","1257","16.2","98.2","0","0","0.0","0.0","0","0","0.0","0.0","0","0","0.0","0.0","0","자동","1300","10분/10분","자동","16.0","10분/10분","자동","95.0","10분/10분","자동","9","10분/10분","정지","정지","정지","정지","동작","동작","정지"
"2025-05-23 00:00:17","운전","단일제어","99","1185","15.0","95.4","0","1185","15.0","95.5","0","0","0.0","0.0","0","0","0.0","0.0","0","0","0.0","0.0","0","자동","1300","10분/10분","자동","15.0","10분/10분","자동","95.0","10분/10분","자동","9","10분/10분","정지","정지","정지","정지","정지","동작","정지"
"2025-05-24 00:00:16","운전","단일제어","99","1256","15.2","96.3","0","1256","15.2","96.3","0","0","0.0","0.0","0","0","0.0","0.0","0","0","0.0","0.0","0","자동","1300","10분/10분","자동","15.0","10분/10분","자동","95.0","10분/10분","자동","9","10분/10분","정지","정지","정지","정지","정지","동작","정지"
"2025-05-25 00:00:16","운전","단일제어","99","1800","15.3","98.9","0","1800","15.3","98.9","0","0","0.0","0.0","0","0","0.0","0.0","0","0","0.0","0.0","0","자동","1300","10분/10분","자동","14.5","10분/10분","자동","95.0","10분/10분","자동","9","10분/10분","동작","정지","정지","정지","동작","동작","동작"
"2025-05-26 00:00:15","운전","단일제어","99","2719","14.9","98.0","0","2719","14.9","98.0","0","0","0.0","0.0","0","0","0.0","0.0","0","0","0.0","0.0","0","자동","1300","10분/10분","자동","14.5","10분/10분","자동","95.0","10분/10분","자동","9","10분/10분","동작","정지","정지","정지","동작","동작","동작"
"2025-05-27 00:00:14","운전","단일제어","99","1845","14.4","96.6","0","1848","14.4","96.6","0","0","0.0","0.0","0","0","0.0","0.0","0","0","0.0","0.0","0","자동","1300","10분/10분","자동","14.0","10분/10분","자동","95.0","10분/10분","자동","9","10분/10분","동작","정지","정지","정지","정지","동작","동작"
"2025-05-28 00:00:14","운전","단일제어","99","1313","14.2","96.4","0","1313","14.2","96.4","0","0","0.0","0.0","0","0","0.0","0.0","0","0","0.0","0.0","0","자동","1300","10분/10분","자동","14.0","10분/10분","자동","95.0","10분/10분","자동","9","10분/10분","정지","정지","정지","정지","정지","동작","정지"
"2025-05-29 00:00:14","운전","단일제어","99","1218","14.2","91.5","0","1218","14.2","91.5","0","0","0.0","0.0","0","0","0.0","0.0","0","0","0.0","0.0","0","자동","1300","10분/10분","자동","14.0","10분/10분","자동","95.0","10분/10분","자동","9","10분/10분","정지","정지","동작","동작","정지","동작","정지"
"2025-05-30 00:00:14","운전","단일제어","99","1229","13.7","97.8","0","1229","13.7","97.8","0","0","0.0","0.0","0","0","0.0","0.0","0","0","0.0","0.0","0","자동","1300","10분/10분","자동","13.0","10분/10분","자동","95.0","10분/10분","자동","9","10분/10분","정지","정지","정지","정지","동작","동작","정지"
"2025-05-31 00:00:14","운전","단일제어","99","1160","13.8","97.5","0","1163","13.8","97.6","0","0","0.0","0.0","0","0","0.0","0.0","0","0","0.0","0.0","0","자동","1300","10분/10분","자동","13.0","10분/10분","자동","95.0","10분/10분","자동","9","10분/10분","정지","정지","정지","정지","동작","동작","정지"
"2025-06-01 00:00:14","운전","단일제어","99","1243","14.8","98.3","0","1243","14.8","98.3","0","0","0.0","0.0","0","0","0.0","0.0","0","0","0.0","0.0","0","자동","1300","10분/10분","자동","14.0","10분/10분","자동","95.0","10분/10분","자동","9","10분/10분","정지","정지","정지","정지","동작","동작","정지"
"2025-06-02 00:00:14","운전","단일제어","99","1242","14.3","92.8","0","1239","14.3","92.7","0","0","0.0","0.0","0","0","0.0","0.0","0","0","0.0","0.0","0","자동","1300","10분/10분","자동","14.0","10분/10분","자동","95.0","10분/10분","자동","9","10분/10분","정지","정지","동작","동작","정지","동작","정지"
"2025-06-03 00:00:12","운전","단일제어","99","2123","14.0","97.4","0","2123","14.0","97.4","0","0","0.0","0.0","0","0","0.0","0.0","0","0","0.0","0.0","0","자동","1300","10분/10분","자동","13.5","10분/10분","자동","95.0","10분/10분","자동","9","10분/10분","동작","정지","정지","정지","동작","동작","동작"
"2025-06-04 00:00:13","운전","단일제어","99","1322","13.3","92.1","0","1324","13.3","92.1","0","0","0.0","0.0","0","0","0.0","0.0","0","0","0.0","0.0","0","자동","1300","10분/10분","자동","13.5","10분/10분","자동","95.0","10분/10분","자동","9","10분/10분","정지","정지","정지","동작","정지","동작","정지"
"2025-06-05 00:00:12","운전","단일제어","99","1337","15.6","97.9","0","1337","15.6","97.9","0","0","0.0","0.0","0","0","0.0","0.0","0","0","0.0","0.0","0","자동","1300","10분/10분","자동","15.0","10분/10분","자동","95.0","10분/10분","자동","9","10분/10분","정지","정지","정지","정지","동작","동작","정지"
"2025-06-06 00:00:12","운전","단일제어","99","1296","15.6","98.8","0","1296","15.6","98.8","0","0","0.0","0.0","0","0","0.0","0.0","0","0","0.0","0.0","0","자동","1300","10분/10분","자동","15.0","10분/10분","자동","95.0","10분/10분","자동","9","10분/10분","정지","정지","정지","정지","동작","동작","정지"
"2025-06-07 00:00:12","운전","단일제어","99","426","16.0","95.2","0","426","16.0","95.2","0","0","0.0","0.0","0","0","0.0","0.0","0","0","0.0","0.0","0","자동","1300","10분/10분","자동","15.0","10분/10분","자동","95.0","10분/10분","자동","9","10분/10분","정지","정지","동작","정지","정지","동작","동작"
"2025-06-08 00:00:12","운전","단일제어","99","1201","18.7","98.0","0","1201","18.7","98.0","0","0","0.0","0.0","0","0","0.0","0.0","0","0","0.0","0.0","0","자동","1300","10분/10분","자동","18.0","10분/10분","자동","95.0","10분/10분","자동","9","10분/10분","정지","정지","정지","정지","동작","동작","정지"
"2025-06-09 00:00:11","운전","단일제어","99","1388","18.7","98.4","0","1388","18.7","98.4","0","0","0.0","0.0","0","0","0.0","0.0","0","0","0.0","0.0","0","자동","1300","10분/10분","자동","18.0","10분/10분","자동","95.0","10분/10분","자동","9","10분/10분","정지","정지","정지","정지","동작","동작","정지"
"2025-06-10 00:00:11","운전","단일제어","99","2123","18.8","98.6","0","2123","18.8","98.6","0","0","0.0","0.0","0","0","0.0","0.0","0","0","0.0","0.0","0","자동","1400","10분/10분","자동","18.0","10분/10분","자동","95.0","10분/10분","자동","9","10분/10분","동작","정지","정지","정지","동작","동작","동작"
"2025-06-11 00:00:11","운전","단일제어","99","1943","19.5","98.0","0","1943","19.5","98.0","0","0","0.0","0.0","0","0","0.0","0.0","0","0","0.0","0.0","0","자동","1400","10분/10분","자동","19.0","10분/10분","자동","95.0","10분/10분","자동","9","10분/10분","동작","정지","정지","정지","동작","동작","동작"
"2025-06-12 00:00:10","운전","단일제어","99","1866","19.7","98.3","0","1866","19.7","98.3","0","0","0.0","0.0","0","0","0.0","0.0","0","0","0.0","0.0","0","자동","1400","10분/10분","자동","19.0","10분/10분","자동","95.0","10분/10분","자동","9","10분/10분","동작","정지","정지","정지","동작","동작","동작"
"2025-06-13 00:00:10","운전","단일제어","99","1708","19.5","98.5","0","1708","19.5","98.5","0","0","0.0","0.0","0","0","0.0","0.0","0","0","0.0","0.0","0","자동","1400","10분/10분","자동","19.0","10분/10분","자동","95.0","10분/10분","자동","9","10분/10분","동작","정지","정지","정지","동작","동작","동작"
"2025-06-14 00:00:10","운전","단일제어","99","2677","17.7","102.7","0","2677","17.7","102.7","0","0","0.0","0.0","0","0","0.0","0.0","0","0","0.0","0.0","0","자동","1400","10분/10분","자동","17.0","10분/10분","자동","95.0","10분/10분","자동","9","10분/10분","동작","정지","정지","정지","동작","동작","동작"
"2025-06-15 00:00:10","운전","단일제어","99","1350","17.5","99.3","0","1350","17.5","99.3","0","0","0.0","0.0","0","0","0.0","0.0","0","0","0.0","0.0","0","자동","1400","10분/10분","자동","17.0","10분/10분","자동","95.0","10분/10분","자동","9","10분/10분","정지","정지","정지","정지","동작","동작","정지"
"2025-06-16 00:00:09","운전","단일제어","99","1201","17.7","98.7","0","1201","17.7","98.7","0","0","0.0","0.0","0","0","0.0","0.0","0","0","0.0","0.0","0","자동","1400","10분/10분","자동","17.0","10분/10분","자동","95.0","10분/10분","자동","9","10분/10분","정지","정지","정지","정지","동작","동작","정지"
"2025-06-17 00:00:09","운전","단일제어","99","1343","17.1","96.1","0","1344","17.1","96.1","0","0","0.0","0.0","0","0","0.0","0.0","0","0","0.0","0.0","0","자동","1400","10분/10분","자동","17.0","10분/10분","자동","95.0","10분/10분","자동","9","10분/10분","정지","정지","정지","정지","정지","동작","정지"
"2025-06-18 00:00:08","운전","단일제어","99","1470","18.9","99.0","0","1470","18.9","99.0","0","0","0.0","0.0","0","0","0.0","0.0","0","0","0.0","0.0","0","자동","1400","10분/10분","자동","18.0","10분/10분","자동","95.0","10분/10분","자동","9","10분/10분","정지","정지","정지","정지","동작","동작","정지"
"2025-06-19 00:00:08","운전","단일제어","99","3148","18.8","99.9","0","3148","18.8","102.8","0","0","0.0","0.0","0","0","0.0","0.0","0","0","0.0","0.0","0","자동","1400","10분/10분","자동","18.0","10분/10분","자동","95.0","10분/10분","자동","9","10분/10분","동작","정지","정지","정지","동작","동작","동작"
"2025-06-20 00:00:08","운전","단일제어","99","481","23.3","99.2","0","481","23.3","99.2","0","0","0.0","0.0","0","0","0.0","0.0","0","0","0.0","0.0","0","자동","1400","10분/10분","자동","18.0","10분/10분","자동","95.0","10분/10분","자동","9","10분/10분","정지","정지","동작","정지","동작","동작","동작"
"2025-06-21 00:00:08","운전","단일제어","99","1612","20.8","99.0","0","1612","20.8","99.0","0","0","0.0","0.0","0","0","0.0","0.0","0","0","0.0","0.0","0","자동","1400","10분/10분","자동","20.0","10분/10분","자동","95.0","10분/10분","자동","9","10분/10분","동작","정지","동작","정지","동작","동작","동작"
"2025-06-22 00:00:08","운전","단일제어","99","1032","17.0","99.3","0","1032","17.0","99.3","0","0","0.0","0.0","0","0","0.0","0.0","0","0","0.0","0.0","0","자동","1400","10분/10분","자동","20.0","10분/10분","자동","95.0","10분/10분","자동","9","10분/10분","정지","동작","정지","정지","동작","동작","동작"
"2025-06-23 00:00:08","운전","단일제어","99","2478","20.5","99.8","0","2478","20.5","99.8","0","0","0.0","0.0","0","0","0.0","0.0","0","0","0.0","0.0","0","자동","1400","10분/10분","자동","20.0","10분/10분","자동","95.0","10분/10분","자동","9","10분/10분","동작","정지","정지","정지","동작","동작","동작"
"2025-06-24 00:00:07","운전","단일제어","99","549","21.3","95.8","0","549","21.3","95.8","0","0","0.0","0.0","0","0","0.0","0.0","0","0","0.0","0.0","0","자동","1400","10분/10분","자동","20.0","10분/10분","자동","95.0","10분/10분","자동","9","10분/10분","정지","정지","동작","정지","정지","동작","동작"
"2025-06-25 00:00:06","운전","단일제어","99","653","9.6","95.9","0","653","9.6","95.9","0","0","0.0","0.0","0","0","0.0","0.0","0","0","0.0","0.0","0","자동","1400","10분/10분","자동","9.0","10분/10분","자동","95.0","10분/10분","자동","9","10분/10분","정지","정지","정지","정지","정지","동작","정지"
"2025-06-26 00:00:06","운전","단일제어","99","1601","17.8","97.8","0","1601","17.8","97.8","0","0","0.0","0.0","0","0","0.0","0.0","0","0","0.0","0.0","0","자동","1400","10분/10분","자동","17.0","10분/10분","자동","95.0","10분/10분","자동","9","10분/10분","동작","정지","동작","정지","동작","동작","동작"
"2025-06-27 00:00:05","운전","단일제어","99","1571","18.2","97.1","0","1571","18.2","97.1","0","0","0.0","0.0","0","0","0.0","0.0","0","0","0.0","0.0","0","자동","1400","10분/10분","자동","18.0","10분/10분","자동","95.0","10분/10분","자동","9","10분/10분","동작","정지","정지","정지","동작","동작","동작"
"2025-06-28 00:00:05","운전","단일제어","99","536","8.4","91.7","0","537","8.4","91.7","0","0","0.0","0.0","0","0","0.0","0.0","0","0","0.0","0.0","0","자동","1400","10분/10분","자동","8.0","10분/10분","자동","95.0","10분/10분","자동","9","10분/10분","정지","정지","정지","동작","정지","동작","동작"
"2025-06-29 00:00:05","운전","단일제어","99","1546","19.8","98.9","0","1546","19.8","98.9","0","0","0.0","0.0","0","0","0.0","0.0","0","0","0.0","0.0","0","자동","1400","10분/10분","자동","19.0","10분/10분","자동","95.0","10분/10분","자동","9","10분/10분","동작","정지","정지","정지","동작","동작","정지"
"2025-06-30 00:00:05","운전","단일제어","99","1485","19.8","98.8","0","1487","19.8","98.8","0","0","0.0","0.0","0","0","0.0","0.0","0","0","0.0","0.0","0","자동","1400","10분/10분","자동","19.0","10분/10분","자동","95.0","10분/10분","자동","9","10분/10분","동작","정지","정지","정지","동작","동작","정지"
"2025-07-01 00:00:04","운전","단일제어","99","1337","19.1","96.9","0","1337","19.1","96.9","0","0","0.0","0.0","0","0","0.0","0.0","0","0","0.0","0.0","0","자동","1400","10분/10분","자동","19.0","10분/10분","자동","95.0","10분/10분","자동","9","10분/10분","정지","정지","정지","정지","정지","동작","정지"
"2025-07-02 00:00:04","운전","단일제어","99","1280","19.4","98.5","0","1280","19.4","98.5","0","0","0.0","0.0","0","0","0.0","0.0","0","0","0.0","0.0","0","자동","1400","10분/10분","자동","19.0","10분/10분","자동","95.0","10분/10분","자동","9","10분/10분","정지","정지","정지","정지","동작","동작","정지"
"2025-07-03 00:00:04","운전","단일제어","99","1202","19.1","91.4","0","1202","19.1","91.4","0","0","0.0","0.0","0","0","0.0","0.0","0","0","0.0","0.0","0","자동","1400","10분/10분","자동","19.0","10분/10분","자동","95.0","10분/10분","자동","9","10분/10분","정지","정지","동작","동작","정지","동작","정지"
"2025-07-04 00:00:04","운전","단일제어","99","1190","20.2","99.2","0","1190","20.2","99.2","0","0","0.0","0.0","0","0","0.0","0.0","0","0","0.0","0.0","0","자동","1400","10분/10분","자동","19.5","10분/10분","자동","95.0","10분/10분","자동","9","10분/10분","정지","정지","정지","정지","동작","동작","정지"
"2025-07-05 00:00:04","운전","단일제어","99","1096","19.5","97.9","0","1096","19.5","97.9","0","0","0.0","0.0","0","0","0.0","0.0","0","0","0.0","0.0","0","자동","1400","10분/10분","자동","19.0","10분/10분","자동","95.0","10분/10분","자동","9","10분/10분","정지","정지","정지","정지","동작","동작","정지"
"2025-07-06 00:00:04","운전","단일제어","99","1011","19.6","98.8","0","1011","19.6","98.8","0","0","0.0","0.0","0","0","0.0","0.0","0","0","0.0","0.0","0","자동","1400","10분/10분","자동","19.0","10분/10분","자동","95.0","10분/10분","자동","9","10분/10분","정지","정지","정지","정지","동작","동작","정지"
"2025-07-07 00:00:03","운전","단일제어","99","1096","19.5","98.3","0","1096","19.5","98.3","0","0","0.0","0.0","0","0","0.0","0.0","0","0","0.0","0.0","0","자동","1400","10분/10분","자동","19.0","10분/10분","자동","95.0","10분/10분","자동","9","10분/10분","정지","정지","정지","정지","동작","동작","정지"
"2025-07-08 00:00:03","운전","단일제어","99","1095","19.8","98.8","0","1095","19.8","98.8","0","0","0.0","0.0","0","0","0.0","0.0","0","0","0.0","0.0","0","자동","1400","10분/10분","자동","19.0","10분/10분","자동","95.0","10분/10분","자동","9","10분/10분","정지","정지","정지","정지","동작","동작","정지"
"2025-07-09 00:00:03","운전","단일제어","99","1174","20.4","98.5","0","1174","20.4","98.5","0","0","0.0","0.0","0","0","0.0","0.0","0","0","0.0","0.0","0","자동","1400","10분/10분","자동","19.5","10분/10분","자동","95.0","10분/10분","자동","9","10분/10분","정지","정지","정지","정지","동작","동작","정지"
"2025-07-10 00:00:02","운전","단일제어","99","1154","19.9","98.0","0","1154","19.9","98.0","0","0","0.0","0.0","0","0","0.0","0.0","0","0","0.0","0.0","0","자동","1400","10분/10분","자동","19.5","10분/10분","자동","95.0","10분/10분","자동","9","10분/10분","정지","정지","정지","정지","동작","동작","정지"
"2025-07-11 00:00:02","운전","단일제어","99","469","10.8","84.7","0","469","10.8","84.7","0","0","0.0","0.0","0","0","0.0","0.0","0","0","0.0","0.0","0","자동","1400","10분/10분","자동","11.0","10분/10분","자동","95.0","10분/10분","자동","9","10분/10분","정지","정지","정지","동작","정지","동작","동작"
"2025-07-12 00:00:02","운전","단일제어","99","1731","19.9","99.2","0","1733","19.9","99.2","0","0","0.0","0.0","0","0","0.0","0.0","0","0","0.0","0.0","0","자동","1400","10분/10분","자동","19.0","10분/10분","자동","95.0","10분/10분","자동","9","10분/10분","동작","정지","정지","정지","동작","동작","동작"
"2025-07-13 00:00:02","운전","단일제어","99","1734","19.5","101.6","0","1734","19.5","101.6","0","0","0.0","0.0","0","0","0.0","0.0","0","0","0.0","0.0","0","자동","1400","10분/10분","자동","19.0","10분/10분","자동","95.0","10분/10분","자동","9","10분/10분","동작","정지","정지","정지","동작","동작","동작"
"2025-07-14 00:00:02","운전","단일제어","99","1548","19.6","99.7","0","1546","19.6","99.7","0","0","0.0","0.0","0","0","0.0","0.0","0","0","0.0","0.0","0","자동","1400","10분/10분","자동","19.0","10분/10분","자동","95.0","10분/10분","자동","9","10분/10분","동작","정지","정지","정지","동작","동작","정지"
"2025-07-15 00:00:02","운전","단일제어","99","1593","18.4","102.6","0","1593","18.4","102.6","0","0","0.0","0.0","0","0","0.0","0.0","0","0","0.0","0.0","0","자동","1400","10분/10분","자동","18.0","10분/10분","자동","95.0","10분/10분","자동","9","10분/10분","동작","정지","정지","정지","동작","동작","동작"
"2025-07-16 00:00:02","운전","단일제어","99","2037","20.2","100.5","0","2037","20.2","100.5","0","0","0.0","0.0","0","0","0.0","0.0","0","0","0.0","0.0","0","자동","1400","10분/10분","자동","20.0","10분/10분","자동","95.0","10분/10분","자동","9","10분/10분","동작","정지","정지","정지","동작","동작","동작"
"2025-07-17 00:00:01","운전","단일제어","99","2005","20.8","100.3","0","2005","20.8","100.3","0","0","0.0","0.0","0","0","0.0","0.0","0","0","0.0","0.0","0","자동","1400","10분/10분","자동","20.0","10분/10분","자동","95.0","10분/10분","자동","9","10분/10분","동작","정지","정지","정지","동작","동작","동작"
"2025-07-18 00:00:01","운전","단일제어","99","2013","20.4","100.0","0","2013","20.4","100.0","0","0","0.0","0.0","0","0","0.0","0.0","0","0","0.0","0.0","0","자동","1400","10분/10분","자동","20.0","10분/10분","자동","95.0","10분/10분","자동","9","10분/10분","동작","정지","정지","정지","동작","동작","동작"
"2025-07-19 00:00:00","운전","단일제어","99","1762","20.9","99.8","0","1762","20.9","99.8","0","0","0.0","0.0","0","0","0.0","0.0","0","0","0.0","0.0","0","자동","1400","10분/10분","자동","20.0","10분/10분","자동","95.0","10분/10분","자동","9","10분/10분","동작","정지","정지","정지","동작","동작","동작"
"2025-07-20 00:00:00","운전","단일제어","99","2068","20.4","99.9","0","2068","20.4","99.9","0","0","0.0","0.0","0","0","0.0","0.0","0","0","0.0","0.0","0","자동","1400","10분/10분","자동","20.0","10분/10분","자동","95.0","10분/10분","자동","9","10분/10분","동작","정지","정지","정지","동작","동작","동작"
"2025-07-21 00:00:00","운전","단일제어","99","1147","20.7","98.3","0","1147","20.7","98.3","0","0","0.0","0.0","0","0","0.0","0.0","0","0","0.0","0.0","0","자동","1400","10분/10분","자동","20.0","10분/10분","자동","95.0","10분/10분","자동","9","10분/10분","정지","정지","정지","정지","동작","동작","정지"
"2025-07-22 00:00:00","운전","단일제어","99","1184","20.7","98.3","0","1184","20.7","98.3","0","0","0.0","0.0","0","0","0.0","0.0","0","0","0.0","0.0","0","자동","1400","10분/10분","자동","20.0","10분/10분","자동","95.0","10분/10분","자동","9","10분/10분","정지","정지","정지","정지","동작","동작","정지"
"2025-07-23 00:01:00","운전","단일제어","99","1738","20.9","102.7","0","1738","20.9","102.7","0","0","0.0","0.0","0","0","0.0","0.0","0","0","0.0","0.0","0","자동","1400","10분/10분","자동","20.0","10분/10분","자동","95.0","10분/10분","자동","9","10분/10분","동작","정지","정지","정지","동작","동작","동작"
"2025-07-24 00:01:00","운전","단일제어","99","1364","21.2","99.8","0","1364","21.2","99.8","0","0","0.0","0.0","0","0","0.0","0.0","0","0","0.0","0.0","0","자동","1400","10분/10분","자동","20.5","10분/10분","자동","95.0","10분/10분","자동","9","10분/10분","정지","정지","정지","정지","동작","동작","정지"
"2025-07-25 00:00:59","운전","단일제어","99","1284","21.1","99.3","0","1283","21.1","99.3","0","0","0.0","0.0","0","0","0.0","0.0","0","0","0.0","0.0","0","자동","1400","10분/10분","자동","20.5","10분/10분","자동","95.0","10분/10분","자동","9","10분/10분","정지","정지","정지","정지","동작","동작","정지"
"2025-07-26 00:00:59","운전","단일제어","99","1316","21.8","99.4","0","1316","21.8","99.4","0","0","0.0","0.0","0","0","0.0","0.0","0","0","0.0","0.0","0","자동","1400","10분/10분","자동","21.0","10분/10분","자동","95.0","10분/10분","자동","9","10분/10분","정지","정지","정지","정지","동작","동작","정지"
"2025-07-27 00:00:59","운전","단일제어","99","1249","20.9","95.4","0","1249","20.9","95.4","0","0","0.0","0.0","0","0","0.0","0.0","0","0","0.0","0.0","0","자동","1400","10분/10분","자동","21.0","10분/10분","자동","95.0","10분/10분","자동","9","10분/10분","정지","정지","정지","정지","동작","동작","정지"
"2025-07-28 00:00:58","운전","단일제어","99","1172","21.9","99.4","0","1172","21.9","99.4","0","0","0.0","0.0","0","0","0.0","0.0","0","0","0.0","0.0","0","자동","1400","10분/10분","자동","21.0","10분/10분","자동","95.0","10분/10분","자동","9","10분/10분","정지","정지","정지","정지","동작","동작","정지"
"2025-07-29 00:00:58","운전","단일제어","99","1043","21.6","99.0","0","1043","21.6","99.0","0","0","0.0","0.0","0","0","0.0","0.0","0","0","0.0","0.0","0","자동","1400","10분/10분","자동","21.0","10분/10분","자동","95.0","10분/10분","자동","9","10분/10분","정지","정지","정지","정지","동작","동작","정지"
"2025-07-30 00:00:59","운전","단일제어","99","1159","21.9","99.2","0","1159","21.9","99.2","0","0","0.0","0.0","0","0","0.0","0.0","0","0","0.0","0.0","0","자동","1400","10분/10분","자동","21.5","10분/10분","자동","95.0","10분/10분","자동","9","10분/10분","정지","정지","정지","정지","동작","동작","정지"
"2025-07-31 00:00:58","운전","단일제어","99","1355","22.0","98.8","0","1355","22.0","98.8","0","0","0.0","0.0","0","0","0.0","0.0","0","0","0.0","0.0","0","자동","1400","10분/10분","자동","21.5","10분/10분","자동","95.0","10분/10분","자동","9","10분/10분","정지","정지","정지","정지","동작","동작","정지"
"2025-08-01 00:00:58","운전","단일제어","99","1129","22.0","98.8","0","1129","22.0","98.8","0","0","0.0","0.0","0","0","0.0","0.0","0","0","0.0","0.0","0","자동","1400","10분/10분","자동","21.5","10분/10분","자동","95.0","10분/10분","자동","9","10분/10분","정지","정지","정지","정지","동작","동작","정지"
"2025-08-02 00:00:58","운전","단일제어","99","924","22.5","98.5","0","924","22.5","98.5","0","0","0.0","0.0","0","0","0.0","0.0","0","0","0.0","0.0","0","자동","1400","10분/10분","자동","22.0","10분/10분","자동","95.0","10분/10분","자동","9","10분/10분","정지","정지","정지","정지","동작","동작","정지"
"2025-08-03 00:00:57","운전","단일제어","99","930","22.5","98.0","0","930","22.5","98.0","0","0","0.0","0.0","0","0","0.0","0.0","0","0","0.0","0.0","0","자동","1400","10분/10분","자동","22.0","10분/10분","자동","95.0","10분/10분","자동","9","10분/10분","정지","정지","정지","정지","동작","동작","정지"
"2025-08-04 00:00:57","운전","단일제어","99","698","22.8","99.3","0","698","22.8","99.3","0","0","0.0","0.0","0","0","0.0","0.0","0","0","0.0","0.0","0","자동","1400","10분/10분","자동","22.0","10분/10분","자동","95.0","10분/10분","자동","9","10분/10분","정지","정지","정지","정지","동작","동작","정지"
"2025-08-05 00:00:57","운전","단일제어","99","883","22.8","98.6","0","883","22.8","98.6","0","0","0.0","0.0","0","0","0.0","0.0","0","0","0.0","0.0","0","자동","1400","10분/10분","자동","22.0","10분/10분","자동","95.0","10분/10분","자동","9","10분/10분","정지","정지","정지","정지","동작","동작","정지"
"2025-08-06 00:00:57","운전","단일제어","99","1515","22.9","101.3","0","1515","22.9","101.3","0","0","0.0","0.0","0","0","0.0","0.0","0","0","0.0","0.0","0","자동","1400","10분/10분","자동","22.0","10분/10분","자동","95.0","10분/10분","자동","9","10분/10분","동작","정지","정지","정지","동작","동작","동작"
"2025-08-07 00:00:57","운전","단일제어","99","795","22.6","99.8","0","795","22.6","99.8","0","0","0.0","0.0","0","0","0.0","0.0","0","0","0.0","0.0","0","자동","1400","10분/10분","자동","22.0","10분/10분","자동","95.0","10분/10분","자동","9","10분/10분","정지","정지","정지","정지","동작","동작","정지"
"2025-08-08 00:00:56","운전","단일제어","99","1205","22.7","99.0","0","1205","22.7","99.0","0","0","0.0","0.0","0","0","0.0","0.0","0","0","0.0","0.0","0","자동","1400","10분/10분","자동","22.0","10분/10분","자동","95.0","10분/10분","자동","9","10분/10분","정지","정지","정지","정지","동작","동작","정지"
"2025-08-09 00:00:56","운전","단일제어","99","1750","22.5","101.1","0","1750","22.5","101.1","0","0","0.0","0.0","0","0","0.0","0.0","0","0","0.0","0.0","0","자동","1400","10분/10분","자동","22.0","10분/10분","자동","95.0","10분/10분","자동","9","10분/10분","동작","정지","정지","정지","동작","동작","동작"
"2025-08-10 00:00:56","운전","단일제어","99","1606","22.6","100.3","0","1606","22.6","100.3","0","0","0.0","0.0","0","0","0.0","0.0","0","0","0.0","0.0","0","자동","1400","10분/10분","자동","22.0","10분/10분","자동","95.0","10분/10분","자동","9","10분/10분","동작","정지","정지","정지","동작","동작","동작"
"2025-08-11 00:00:55","운전","단일제어","99","1164","21.4","99.3","0","1164","21.4","99.3","0","0","0.0","0.0","0","0","0.0","0.0","0","0","0.0","0.0","0","자동","1400","10분/10분","자동","21.0","10분/10분","자동","95.0","10분/10분","자동","9","10분/10분","정지","정지","정지","정지","동작","동작","정지"
"2025-08-12 00:00:55","운전","단일제어","99","1238","21.8","101.1","0","1238","21.8","101.1","0","0","0.0","0.0","0","0","0.0","0.0","0","0","0.0","0.0","0","자동","1400","10분/10분","자동","21.0","10분/10분","자동","95.0","10분/10분","자동","9","10분/10분","정지","정지","정지","정지","동작","동작","정지"
"2025-08-13 00:00:55","운전","단일제어","99","1981","21.3","99.8","0","1981","21.3","99.8","0","0","0.0","0.0","0","0","0.0","0.0","0","0","0.0","0.0","0","자동","1400","10분/10분","자동","21.0","10분/10분","자동","95.0","10분/10분","자동","9","10분/10분","동작","정지","정지","정지","동작","동작","동작"
"2025-08-14 00:00:55","운전","단일제어","99","1377","21.9","98.2","0","1377","21.9","98.2","0","0","0.0","0.0","0","0","0.0","0.0","0","0","0.0","0.0","0","자동","1400","10분/10분","자동","22.0","10분/10분","자동","95.0","10분/10분","자동","9","10분/10분","정지","정지","정지","정지","동작","동작","정지"
"2025-08-15 00:00:55","운전","단일제어","99","1475","21.3","100.8","0","1475","21.3","100.8","0","0","0.0","0.0","0","0","0.0","0.0","0","0","0.0","0.0","0","자동","1400","10분/10분","자동","21.0","10분/10분","자동","95.0","10분/10분","자동","9","10분/10분","정지","정지","정지","정지","동작","동작","정지"
"2025-08-16 00:00:55","운전","단일제어","99","1211","21.8","99.8","0","1211","21.8","99.8","0","0","0.0","0.0","0","0","0.0","0.0","0","0","0.0","0.0","0","자동","1400","10분/10분","자동","21.0","10분/10분","자동","95.0","10분/10분","자동","9","10분/10분","정지","정지","정지","정지","동작","동작","정지"
"2025-08-17 00:00:54","운전","단일제어","99","1090","21.5","98.8","0","1090","21.5","98.8","0","0","0.0","0.0","0","0","0.0","0.0","0","0","0.0","0.0","0","자동","1400","10분/10분","자동","21.0","10분/10분","자동","95.0","10분/10분","자동","9","10분/10분","정지","정지","정지","정지","동작","동작","정지"
"2025-08-18 00:00:54","운전","단일제어","99","1274","21.8","99.0","0","1274","21.8","99.0","0","0","0.0","0.0","0","0","0.0","0.0","0","0","0.0","0.0","0","자동","1400","10분/10분","자동","21.0","10분/10분","자동","95.0","10분/10분","자동","9","10분/10분","정지","정지","정지","정지","동작","동작","정지"
"2025-08-19 00:00:54","운전","단일제어","99","787","21.1","97.6","0","787","21.1","97.6","0","0","0.0","0.0","0","0","0.0","0.0","0","0","0.0","0.0","0","자동","1400","10분/10분","자동","21.0","10분/10분","자동","95.0","10분/10분","자동","9","10분/10분","정지","정지","정지","정지","동작","동작","정지"
"2025-08-20 00:00:54","운전","단일제어","99","736","21.9","98.2","0","736","21.9","98.2","0","0","0.0","0.0","0","0","0.0","0.0","0","0","0.0","0.0","0","자동","1400","10분/10분","자동","21.0","10분/10분","자동","95.0","10분/10분","자동","9","10분/10분","정지","정지","정지","정지","동작","동작","정지"
"2025-08-21 00:00:54","운전","단일제어","99","1273","21.6","101.4","0","1273","21.6","101.4","0","0","0.0","0.0","0","0","0.0","0.0","0","0","0.0","0.0","0","자동","1400","10분/10분","자동","21.0","10분/10분","자동","95.0","10분/10분","자동","9","10분/10분","정지","정지","정지","정지","동작","동작","정지"
"2025-08-22 00:00:54","운전","단일제어","99","935","21.5","99.4","0","935","21.5","99.4","0","0","0.0","0.0","0","0","0.0","0.0","0","0","0.0","0.0","0","자동","1400","10분/10분","자동","21.0","10분/10분","자동","95.0","10분/10분","자동","9","10분/10분","정지","정지","정지","정지","동작","동작","정지"
"2025-08-23 00:00:53","운전","단일제어","99","807","21.8","98.6","0","807","21.8","98.6","0","0","0.0","0.0","0","0","0.0","0.0","0","0","0.0","0.0","0","자동","1400","10분/10분","자동","21.0","10분/10분","자동","95.0","10분/10분","자동","9","10분/10분","정지","정지","정지","정지","동작","동작","정지"
"2025-08-24 00:00:54","운전","단일제어","99","808","21.2","98.0","0","808","21.2","98.0","0","0","0.0","0.0","0","0","0.0","0.0","0","0","0.0","0.0","0","자동","1400","10분/10분","자동","21.0","10분/10분","자동","95.0","10분/10분","자동","9","10분/10분","정지","정지","정지","정지","동작","동작","정지"
"2025-08-25 00:00:53","운전","단일제어","99","734","20.9","95.5","0","734","20.9","95.5","0","0","0.0","0.0","0","0","0.0","0.0","0","0","0.0","0.0","0","자동","1400","10분/10분","자동","21.0","10분/10분","자동","95.0","10분/10분","자동","9","10분/10분","정지","정지","정지","정지","정지","동작","정지"
"2025-08-26 00:00:53","운전","단일제어","99","765","21.2","96.2","0","765","21.2","96.2","0","0","0.0","0.0","0","0","0.0","0.0","0","0","0.0","0.0","0","자동","1400","10분/10분","자동","21.0","10분/10분","자동","95.0","10분/10분","자동","9","10분/10분","정지","정지","정지","정지","정지","동작","정지"
"2025-08-27 00:00:53","운전","단일제어","99","735","21.7","98.2","0","735","21.7","98.2","0","0","0.0","0.0","0","0","0.0","0.0","0","0","0.0","0.0","0","자동","1400","10분/10분","자동","21.0","10분/10분","자동","95.0","10분/10분","자동","9","10분/10분","정지","정지","정지","정지","동작","동작","정지"
"2025-08-28 00:00:53","운전","단일제어","99","841","20.9","99.8","0","841","20.9","99.8","0","0","0.0","0.0","0","0","0.0","0.0","0","0","0.0","0.0","0","자동","1400","10분/10분","자동","20.0","10분/10분","자동","95.0","10분/10분","자동","9","10분/10분","정지","정지","정지","정지","동작","동작","정지"
"2025-08-29 00:00:52","운전","단일제어","99","606","20.9","97.9","0","606","20.9","97.9","0","0","0.0","0.0","0","0","0.0","0.0","0","0","0.0","0.0","0","자동","1400","10분/10분","자동","20.0","10분/10분","자동","95.0","10분/10분","자동","9","10분/10분","정지","정지","정지","정지","동작","동작","정지"
"2025-08-30 00:00:52","운전","단일제어","99","594","20.7","96.8","0","594","20.7","96.8","0","0","0.0","0.0","0","0","0.0","0.0","0","0","0.0","0.0","0","자동","1400","10분/10분","자동","20.0","10분/10분","자동","95.0","10분/10분","자동","9","10분/10분","정지","정지","정지","정지","정지","동작","정지"
"2025-08-31 00:00:52","운전","단일제어","99","546","20.9","97.2","0","546","20.9","97.2","0","0","0.0","0.0","0","0","0.0","0.0","0","0","0.0","0.0","0","자동","1400","10분/10분","자동","20.0","10분/10분","자동","95.0","10분/10분","자동","9","10분/10분","정지","정지","정지","정지","동작","동작","정지"
"2025-09-01 00:00:52","운전","단일제어","99","651","20.1","94.2","0","651","20.1","94.2","0","0","0.0","0.0","0","0","0.0","0.0","0","0","0.0","0.0","0","자동","1400","10분/10분","자동","20.0","10분/10분","자동","95.0","10분/10분","자동","9","10분/10분","정지","정지","정지","동작","정지","동작","정지"
"2025-09-02 00:00:52","운전","단일제어","99","584","20.6","95.9","0","585","20.6","95.9","0","0","0.0","0.0","0","0","0.0","0.0","0","0","0.0","0.0","0","자동","1400","10분/10분","자동","20.0","10분/10분","자동","95.0","10분/10분","자동","9","10분/10분","정지","정지","정지","정지","정지","동작","정지"
"2025-09-03 00:00:52","운전","단일제어","99","908","20.8","98.2","0","908","20.8","98.2","0","0","0.0","0.0","0","0","0.0","0.0","0","0","0.0","0.0","0","자동","1400","10분/10분","자동","20.0","10분/10분","자동","95.0","10분/10분","자동","9","10분/10분","정지","정지","정지","정지","동작","동작","정지"
"2025-09-04 00:00:51","운전","단일제어","99","780","8.1","98.8","0","780","8.1","98.8","0","0","0.0","0.0","0","0","0.0","0.0","0","0","0.0","0.0","0","자동","1400","10분/10분","자동","7.0","10분/10분","자동","95.0","10분/10분","자동","9","10분/10분","정지","정지","동작","정지","동작","동작","동작"
"2025-09-05 00:00:51","운전","단일제어","99","997","18.3","99.9","0","997","18.3","99.9","0","0","0.0","0.0","0","0","0.0","0.0","0","0","0.0","0.0","0","자동","1400","10분/10분","자동","17.5","10분/10분","자동","95.0","10분/10분","자동","9","10분/10분","정지","정지","정지","정지","동작","동작","정지"
"2025-09-06 00:00:50","운전","단일제어","99","484","8.0","90.3","0","484","8.0","90.3","0","0","0.0","0.0","0","0","0.0","0.0","0","0","0.0","0.0","0","자동","1400","10분/10분","자동","8.0","10분/10분","자동","95.0","10분/10분","자동","9","10분/10분","정지","정지","정지","동작","정지","동작","정지"
"2025-09-07 00:00:50","운전","단일제어","99","1346","20.3","102.6","0","1346","20.3","102.6","0","0","0.0","0.0","0","0","0.0","0.0","0","0","0.0","0.0","0","자동","1400","10분/10분","자동","21.0","10분/10분","자동","95.0","10분/10분","자동","9","10분/10분","정지","동작","정지","정지","동작","동작","동작"
"2025-09-08 00:00:50","운전","단일제어","99","502","8.3","95.2","0","502","8.3","95.2","0","0","0.0","0.0","0","0","0.0","0.0","0","0","0.0","0.0","0","자동","1400","10분/10분","자동","8.0","10분/10분","자동","95.0","10분/10분","자동","9","10분/10분","정지","정지","정지","정지","정지","동작","정지"
"2025-09-09 00:00:50","운전","단일제어","99","744","20.6","101.0","0","744","20.6","101.0","0","0","0.0","0.0","0","0","0.0","0.0","0","0","0.0","0.0","0","자동","1400","10분/10분","자동","20.0","10분/10분","자동","95.0","10분/10분","자동","9","10분/10분","정지","정지","정지","정지","동작","동작","정지"
"2025-09-10 00:00:50","운전","단일제어","99","1861","27.1","98.7","0","1861","27.1","98.7","0","0","0.0","0.0","0","0","0.0","0.0","0","0","0.0","0.0","0","자동","1800","10분/10분","자동","28.0","10분/10분","자동","99.0","10분/10분","자동","9","10분/10분","동작","정지","정지","동작","정지","동작","동작"
"2025-09-11 00:00:50","운전","단일제어","99","2871","21.5","100.2","0","2871","21.5","100.2","0","0","0.0","0.0","0","0","0.0","0.0","0","0","0.0","0.0","0","자동","1800","10분/10분","자동","21.0","10분/10분","자동","99.0","10분/10분","자동","9","10분/10분","동작","정지","정지","정지","동작","동작","동작"
"2025-09-12 00:00:50","운전","단일제어","99","999","17.2","97.5","0","999","17.2","97.5","0","0","0.0","0.0","0","0","0.0","0.0","0","0","0.0","0.0","0","자동","1800","10분/10분","자동","17.0","10분/10분","자동","99.0","10분/10분","자동","9","10분/10분","정지","정지","정지","동작","정지","동작","정지"
"2025-09-13 00:00:49","운전","단일제어","99","452","7.3","93.1","0","451","7.3","93.1","0","0","0.0","0.0","0","0","0.0","0.0","0","0","0.0","0.0","0","자동","1800","10분/10분","자동","7.0","10분/10분","자동","99.0","10분/10분","자동","9","10분/10분","정지","정지","정지","동작","정지","동작","동작"
"2025-09-14 00:00:49","운전","단일제어","99","837","17.4","96.0","0","837","17.4","96.0","0","0","0.0","0.0","0","0","0.0","0.0","0","0","0.0","0.0","0","자동","1800","10분/10분","자동","17.0","10분/10분","자동","99.0","10분/10분","자동","9","10분/10분","정지","정지","정지","동작","정지","동작","동작"
"2025-09-15 00:00:49","운전","단일제어","99","671","14.6","95.4","0","670","14.6","95.4","0","0","0.0","0.0","0","0","0.0","0.0","0","0","0.0","0.0","0","자동","1800","10분/10분","자동","14.0","10분/10분","자동","99.0","10분/10분","자동","9","10분/10분","정지","정지","정지","동작","정지","동작","동작"
"2025-09-16 00:00:48","운전","단일제어","99","928","16.7","90.8","0","928","16.7","90.8","0","0","0.0","0.0","0","0","0.0","0.0","0","0","0.0","0.0","0","자동","1800","10분/10분","자동","17.0","10분/10분","자동","99.0","10분/10분","자동","9","10분/10분","정지","정지","정지","동작","정지","동작","동작"
"2025-09-17 00:00:49","운전","단일제어","99","745","16.6","95.9","0","745","16.6","95.9","0","0","0.0","0.0","0","0","0.0","0.0","0","0","0.0","0.0","0","자동","1800","10분/10분","자동","16.0","10분/10분","자동","99.0","10분/10분","자동","9","10분/10분","정지","정지","동작","동작","정지","동작","동작"
"2025-09-18 00:00:48","운전","단일제어","99","861","16.8","93.0","0","861","16.8","93.0","0","0","0.0","0.0","0","0","0.0","0.0","0","0","0.0","0.0","0","자동","1800","10분/10분","자동","17.0","10분/10분","자동","99.0","10분/10분","자동","9","10분/10분","정지","정지","정지","동작","정지","동작","동작"
"2025-09-19 00:00:48","운전","단일제어","99","1000","17.9","97.6","0","1000","17.9","97.6","0","0","0.0","0.0","0","0","0.0","0.0","0","0","0.0","0.0","0","자동","1800","10분/10분","자동","17.0","10분/10분","자동","99.0","10분/10분","자동","9","10분/10분","정지","정지","정지","동작","정지","동작","동작"
"2025-09-20 00:00:48","운전","단일제어","99","1475","19.3","97.7","0","1475","19.3","97.7","0","0","0.0","0.0","0","0","0.0","0.0","0","0","0.0","0.0","0","자동","1800","10분/10분","자동","19.0","10분/10분","자동","99.0","10분/10분","자동","9","10분/10분","정지","정지","정지","동작","정지","동작","동작"
"2025-09-21 00:00:48","운전","단일제어","99","1281","19.7","99.2","0","1281","19.7","99.2","0","0","0.0","0.0","0","0","0.0","0.0","0","0","0.0","0.0","0","자동","1800","10분/10분","자동","19.0","10분/10분","자동","99.0","10분/10분","자동","9","10분/10분","정지","정지","정지","정지","정지","동작","정지"
"2025-09-22 00:00:47","운전","단일제어","99","484","18.7","97.9","0","484","18.7","97.9","0","0","0.0","0.0","0","0","0.0","0.0","0","0","0.0","0.0","0","자동","1800","10분/10분","자동","19.0","10분/10분","자동","99.0","10분/10분","자동","9","10분/10분","정지","정지","정지","동작","정지","동작","동작"
"2025-09-23 00:00:47","운전","단일제어","99","730","19.3","97.4","0","730","19.3","97.4","0","0","0.0","0.0","0","0","0.0","0.0","0","0","0.0","0.0","0","자동","1800","10분/10분","자동","19.0","10분/10분","자동","99.0","10분/10분","자동","9","10분/10분","정지","정지","정지","동작","정지","동작","동작"
"2025-09-24 00:00:46","운전","단일제어","99","348","19.8","90.7","0","348","19.8","90.7","0","0","0.0","0.0","0","0","0.0","0.0","0","0","0.0","0.0","0","자동","1800","10분/10분","자동","19.0","10분/10분","자동","99.0","10분/10분","자동","9","10분/10분","정지","정지","정지","동작","정지","동작","동작"
"2025-09-25 00:00:46","운전","단일제어","99","623","22.8","100.6","0","623","22.8","100.6","0","0","0.0","0.0","0","0","0.0","0.0","0","0","0.0","0.0","0","자동","1800","10분/10분","자동","19.0","10분/10분","자동","99.0","10분/10분","자동","9","10분/10분","정지","정지","동작","정지","동작","동작","동작"
"2025-09-26 00:00:46","운전","단일제어","99","419","21.8","99.8","0","419","21.8","99.8","0","0","0.0","0.0","0","0","0.0","0.0","0","0","0.0","0.0","0","자동","1800","10분/10분","자동","19.0","10분/10분","자동","99.0","10분/10분","자동","9","10분/10분","정지","정지","동작","정지","동작","동작","동작"
"2025-09-27 00:00:46","운전","단일제어","99","1201","20.6","98.0","0","1201","20.6","98.0","0","0","0.0","0.0","0","0","0.0","0.0","0","0","0.0","0.0","0","자동","1800","10분/10분","자동","20.0","10분/10분","자동","99.0","10분/10분","자동","9","10분/10분","정지","정지","정지","동작","정지","동작","동작"
"2025-09-28 00:00:46","운전","단일제어","99","1462","20.9","99.1","0","1461","20.9","99.1","0","0","0.0","0.0","0","0","0.0","0.0","0","0","0.0","0.0","0","자동","1800","10분/10분","자동","20.0","10분/10분","자동","99.0","10분/10분","자동","9","10분/10분","정지","정지","정지","정지","정지","동작","정지"
"2025-09-29 00:00:45","운전","단일제어","99","1335","20.8","99.2","0","1335","20.8","99.2","0","0","0.0","0.0","0","0","0.0","0.0","0","0","0.0","0.0","0","자동","1800","10분/10분","자동","20.0","10분/10분","자동","99.0","10분/10분","자동","9","10분/10분","정지","정지","정지","정지","정지","동작","정지"
"2025-09-30 00:00:45","운전","단일제어","99","472","20.0","97.8","0","472","20.0","97.8","0","0","0.0","0.0","0","0","0.0","0.0","0","0","0.0","0.0","0","자동","1800","10분/10분","자동","20.0","10분/10분","자동","99.0","10분/10분","자동","9","10분/10분","정지","정지","정지","동작","정지","동작","동작"
"2025-10-01 00:00:45","운전","단일제어","99","399","18.6","96.1","0","399","18.6","96.1","0","0","0.0","0.0","0","0","0.0","0.0","0","0","0.0","0.0","0","자동","1800","10분/10분","자동","20.0","10분/10분","자동","99.0","10분/10분","자동","9","10분/10분","정지","동작","정지","동작","정지","동작","동작"
"2025-10-02 00:00:44","운전","단일제어","99","402","18.3","93.9","0","402","18.3","93.9","0","0","0.0","0.0","0","0","0.0","0.0","0","0","0.0","0.0","0","자동","1800","10분/10분","자동","20.0","10분/10분","자동","99.0","10분/10분","자동","9","10분/10분","정지","동작","정지","동작","정지","동작","동작"
"2025-10-03 00:00:45","운전","단일제어","99","391","19.3","96.4","0","391","19.3","96.4","0","0","0.0","0.0","0","0","0.0","0.0","0","0","0.0","0.0","0","자동","1800","10분/10분","자동","20.0","10분/10분","자동","99.0","10분/10분","자동","9","10분/10분","정지","정지","정지","동작","정지","동작","동작"
"2025-10-04 00:00:44","운전","단일제어","99","399","19.1","98.0","0","399","19.1","98.0","0","0","0.0","0.0","0","0","0.0","0.0","0","0","0.0","0.0","0","자동","1800","10분/10분","자동","20.0","10분/10분","자동","99.0","10분/10분","자동","9","10분/10분","정지","동작","정지","동작","정지","동작","동작"
"2025-10-05 00:00:44","운전","단일제어","99","453","21.5","99.4","0","453","21.5","99.4","0","0","0.0","0.0","0","0","0.0","0.0","0","0","0.0","0.0","0","자동","1800","10분/10분","자동","20.0","10분/10분","자동","99.0","10분/10분","자동","9","10분/10분","정지","정지","동작","정지","정지","동작","동작"
"2025-10-06 00:00:44","운전","단일제어","99","406","22.4","99.3","0","406","22.4","99.3","0","0","0.0","0.0","0","0","0.0","0.0","0","0","0.0","0.0","0","자동","1800","10분/10분","자동","20.0","10분/10분","자동","99.0","10분/10분","자동","9","10분/10분","정지","정지","동작","정지","정지","동작","동작"
"2025-10-07 00:00:43","운전","단일제어","99","400","21.0","98.5","0","400","21.0","98.5","0","0","0.0","0.0","0","0","0.0","0.0","0","0","0.0","0.0","0","자동","1800","10분/10분","자동","20.0","10분/10분","자동","99.0","10분/10분","자동","9","10분/10분","정지","정지","동작","동작","정지","동작","동작"
"2025-10-08 00:00:42","운전","단일제어","99","417","21.3","98.9","0","417","21.3","98.9","0","0","0.0","0.0","0","0","0.0","0.0","0","0","0.0","0.0","0","자동","1800","10분/10분","자동","20.0","10분/10분","자동","99.0","10분/10분","자동","9","10분/10분","정지","정지","동작","정지","정지","동작","동작"
"2025-10-09 00:00:43","운전","단일제어","99","389","20.2","97.3","0","389","20.2","97.3","0","0","0.0","0.0","0","0","0.0","0.0","0","0","0.0","0.0","0","자동","1800","10분/10분","자동","20.0","10분/10분","자동","99.0","10분/10분","자동","9","10분/10분","정지","정지","동작","동작","정지","동작","동작"
"2025-10-10 00:00:43","운전","단일제어","99","370","18.1","93.0","0","370","18.1","93.0","0","0","0.0","0.0","0","0","0.0","0.0","0","0","0.0","0.0","0","자동","1800","10분/10분","자동","20.0","10분/10분","자동","99.0","10분/10분","자동","9","10분/10분","정지","동작","정지","동작","정지","동작","동작"
"2025-10-11 00:00:42","운전","단일제어","99","395","18.8","94.6","0","395","18.8","94.6","0","0","0.0","0.0","0","0","0.0","0.0","0","0","0.0","0.0","0","자동","1800","10분/10분","자동","20.0","10분/10분","자동","99.0","10분/10분","자동","9","10분/10분","정지","동작","정지","동작","정지","동작","동작"
"2025-10-12 00:00:41","운전","단일제어","99","448","19.4","94.0","0","448","19.4","94.0","0","0","0.0","0.0","0","0","0.0","0.0","0","0","0.0","0.0","0","자동","1800","10분/10분","자동","20.0","10분/10분","자동","99.0","10분/10분","자동","9","10분/10분","정지","정지","정지","동작","정지","동작","동작"
"2025-10-13 00:00:41","운전","단일제어","99","349","20.2","94.3","0","349","20.2","94.3","0","0","0.0","0.0","0","0","0.0","0.0","0","0","0.0","0.0","0","자동","1800","10분/10분","자동","20.0","10분/10분","자동","99.0","10분/10분","자동","9","10분/10분","정지","정지","정지","동작","정지","동작","동작"
"2025-10-14 00:00:41","운전","단일제어","99","345","22.2","98.4","0","345","22.2","98.4","0","0","0.0","0.0","0","0","0.0","0.0","0","0","0.0","0.0","0","자동","1800","10분/10분","자동","20.0","10분/10분","자동","99.0","10분/10분","자동","9","10분/10분","정지","정지","동작","정지","정지","동작","동작"
"2025-10-15 00:00:41","운전","단일제어","99","366","19.4","95.8","0","366","19.4","95.8","0","0","0.0","0.0","0","0","0.0","0.0","0","0","0.0","0.0","0","자동","1800","10분/10분","자동","20.0","10분/10분","자동","99.0","10분/10분","자동","9","10분/10분","정지","정지","정지","동작","정지","동작","동작"
"2025-10-16 00:00:41","운전","단일제어","99","379","20.1","96.2","0","379","20.1","96.2","0","0","0.0","0.0","0","0","0.0","0.0","0","0","0.0","0.0","0","자동","1800","10분/10분","자동","20.0","10분/10분","자동","99.0","10분/10분","자동","9","10분/10분","정지","정지","정지","동작","정지","동작","동작"
"2025-10-17 00:00:41","운전","단일제어","99","360","18.8","93.5","0","360","18.8","93.5","0","0","0.0","0.0","0","0","0.0","0.0","0","0","0.0","0.0","0","자동","1800","10분/10분","자동","20.0","10분/10분","자동","99.0","10분/10분","자동","9","10분/10분","정지","동작","정지","동작","정지","동작","동작"
"2025-10-18 00:00:40","운전","단일제어","99","404","20.1","94.9","0","404","20.1","94.9","0","0","0.0","0.0","0","0","0.0","0.0","0","0","0.0","0.0","0","자동","1800","10분/10분","자동","20.0","10분/10분","자동","99.0","10분/10분","자동","9","10분/10분","정지","정지","정지","동작","정지","동작","동작"
"2025-10-19 00:00:40","운전","단일제어","99","374","18.4","93.8","0","375","18.4","93.8","0","0","0.0","0.0","0","0","0.0","0.0","0","0","0.0","0.0","0","자동","1800","10분/10분","자동","20.0","10분/10분","자동","99.0","10분/10분","자동","9","10분/10분","정지","동작","정지","동작","정지","동작","동작"
"2025-10-20 00:00:40","운전","단일제어","99","366","17.5","92.9","0","366","17.5","92.9","0","0","0.0","0.0","0","0","0.0","0.0","0","0","0.0","0.0","0","자동","1800","10분/10분","자동","20.0","10분/10분","자동","99.0","10분/10분","자동","9","10분/10분","정지","동작","정지","동작","정지","동작","동작"
"2025-10-21 00:00:39","운전","단일제어","99","331","14.4","86.9","0","331","14.4","86.9","0","0","0.0","0.0","0","0","0.0","0.0","0","0","0.0","0.0","0","자동","1800","10분/10분","자동","20.0","10분/10분","자동","99.0","10분/10분","자동","9","10분/10분","정지","동작","정지","동작","정지","동작","동작"
"2025-10-22 00:00:38","운전","단일제어","99","306","14.8","86.4","0","306","14.8","86.4","0","0","0.0","0.0","0","0","0.0","0.0","0","0","0.0","0.0","0","자동","1800","10분/10분","자동","20.0","10분/10분","자동","99.0","10분/10분","자동","9","10분/10분","정지","동작","정지","동작","정지","동작","동작"
"2025-10-23 00:00:38","운전","단일제어","99","335","14.4","86.8","0","334","14.4","86.8","0","0","0.0","0.0","0","0","0.0","0.0","0","0","0.0","0.0","0","자동","1800","10분/10분","자동","20.0","10분/10분","자동","99.0","10분/10분","자동","9","10분/10분","정지","동작","정지","동작","정지","동작","동작"
"2025-10-24 00:00:38","운전","단일제어","99","339","15.1","87.8","0","339","15.1","87.8","0","0","0.0","0.0","0","0","0.0","0.0","0","0","0.0","0.0","0","자동","1800","10분/10분","자동","20.0","10분/10분","자동","99.0","10분/10분","자동","9","10분/10분","정지","동작","정지","동작","정지","동작","동작"
"2025-10-25 00:00:38","운전","단일제어","99","328","15.4","87.5","0","329","15.4","87.5","0","0","0.0","0.0","0","0","0.0","0.0","0","0","0.0","0.0","0","자동","1800","10분/10분","자동","20.0","10분/10분","자동","99.0","10분/10분","자동","9","10분/10분","정지","동작","정지","동작","정지","동작","동작"
"2025-10-26 00:00:38","운전","단일제어","99","323","14.4","93.9","0","323","14.4","93.9","0","0","0.0","0.0","0","0","0.0","0.0","0","0","0.0","0.0","0","자동","1800","10분/10분","자동","20.0","10분/10분","자동","99.0","10분/10분","자동","9","10분/10분","정지","동작","정지","동작","정지","동작","동작"
"2025-10-27 00:00:37","운전","단일제어","99","331","11.5","83.6","0","330","11.5","83.6","0","0","0.0","0.0","0","0","0.0","0.0","0","0","0.0","0.0","0","자동","1800","10분/10분","자동","20.0","10분/10분","자동","99.0","10분/10분","자동","9","10분/10분","정지","동작","정지","동작","정지","동작","동작"
"2025-10-28 00:00:36","운전","단일제어","99","307","7.4","73.5","0","307","7.4","73.5","0","0","0.0","0.0","0","0","0.0","0.0","0","0","0.0","0.0","0","자동","1800","10분/10분","자동","20.0","10분/10분","자동","99.0","10분/10분","자동","9","10분/10분","정지","동작","정지","동작","정지","동작","동작"
"2025-10-29 00:00:36","운전","단일제어","99","655","19.8","42.8","0","655","19.8","42.8","0","0","0.0","0.0","0","0","0.0","0.0","0","0","0.0","0.0","0","자동","1800","10분/10분","자동","20.5","10분/10분","자동","99.0","10분/10분","자동","9","10분/10분","정지","정지","정지","동작","정지","동작","동작"
"2025-10-30 00:00:36","운전","단일제어","99","563","19.9","47.4","0","563","19.9","47.4","0","0","0.0","0.0","0","0","0.0","0.0","0","0","0.0","0.0","0","자동","1800","10분/10분","자동","20.5","10분/10분","자동","99.0","10분/10분","자동","9","10분/10분","정지","정지","정지","동작","정지","동작","동작"
"2025-10-31 00:00:35","운전","단일제어","99","606","19.8","57.3","0","607","19.8","57.3","0","0","0.0","0.0","0","0","0.0","0.0","0","0","0.0","0.0","0","자동","1800","10분/10분","자동","20.5","10분/10분","자동","99.0","10분/10분","자동","9","10분/10분","정지","정지","정지","동작","정지","동작","동작"
"2025-11-01 00:00:35","운전","단일제어","99","374","14.2","66.8","0","374","14.2","66.8","0","0","0.0","0.0","0","0","0.0","0.0","0","0","0.0","0.0","0","자동","1800","10분/10분","자동","20.5","10분/10분","자동","99.0","10분/10분","자동","9","10분/10분","정지","동작","정지","동작","정지","동작","동작"
"2025-11-02 00:00:35","운전","단일제어","99","360","10.4","99.9","0","361","10.4","99.9","0","0","0.0","0.0","0","0","0.0","0.0","0","0","0.0","0.0","0","자동","1800","10분/10분","자동","20.5","10분/10분","자동","99.0","10분/10분","자동","9","10분/10분","정지","동작","정지","정지","동작","동작","동작"
"2025-11-03 00:00:34","운전","단일제어","99","332","7.1","93.4","0","332","7.1","93.4","0","0","0.0","0.0","0","0","0.0","0.0","0","0","0.0","0.0","0","자동","1800","10분/10분","자동","20.5","10분/10분","자동","99.0","10분/10분","자동","9","10분/10분","정지","동작","정지","동작","정지","동작","동작"
"2025-11-04 00:00:33","운전","단일제어","99","1226","22.8","88.9","0","1226","22.8","88.7","0","0","0.0","0.0","0","0","0.0","0.0","0","0","0.0","0.0","0","자동","1800","10분/10분","자동","23.0","10분/10분","자동","99.0","10분/10분","자동","9","10분/10분","정지","동작","정지","동작","정지","동작","동작"
"2025-11-05 00:00:33","운전","단일제어","99","1293","21.4","92.9","0","1293","21.4","92.9","0","0","0.0","0.0","0","0","0.0","0.0","0","0","0.0","0.0","0","자동","1800","10분/10분","자동","22.0","10분/10분","자동","99.0","10분/10분","자동","9","10분/10분","정지","정지","정지","동작","정지","동작","동작"
"2025-11-06 00:00:33","운전","단일제어","99","1579","7.6","96.7","0","1580","7.6","96.7","0","0","0.0","0.0","0","0","0.0","0.0","0","0","0.0","0.0","0","자동","1800","10분/10분","자동","7.0","10분/10분","자동","99.0","10분/10분","자동","9","10분/10분","정지","정지","정지","동작","정지","동작","동작"
"2025-11-07 00:00:32","운전","단일제어","99","1497","14.0","98.9","0","1497","14.0","98.9","0","0","0.0","0.0","0","0","0.0","0.0","0","0","0.0","0.0","0","자동","1800","10분/10분","자동","7.0","10분/10분","자동","99.0","10분/10분","자동","9","10분/10분","정지","정지","동작","동작","정지","동작","동작"
"2025-11-08 00:00:08","운전","단일제어","99","1205","7.8","98.0","0","1205","7.8","98.0","0","0","0.0","0.0","0","0","0.0","0.0","0","0","0.0","0.0","0","자동","1800","10분/10분","자동","7.0","10분/10분","자동","99.0","10분/10분","자동","9","10분/10분","정지","정지","정지","동작","정지","동작","동작"
"2025-11-09 00:00:07","운전","단일제어","99","2677","14.6","99.4","0","2677","14.6","99.4","0","0","0.0","0.0","0","0","0.0","0.0","0","0","0.0","0.0","0","자동","1800","10분/10분","자동","14.0","10분/10분","자동","99.0","10분/10분","자동","9","10분/10분","동작","정지","정지","정지","정지","동작","동작"
"2025-11-10 00:00:08","운전","단일제어","99","1410","14.6","99.5","0","1410","14.6","99.5","0","0","0.0","0.0","0","0","0.0","0.0","0","0","0.0","0.0","0","자동","1800","10분/10분","자동","14.0","10분/10분","자동","99.0","10분/10분","자동","9","10분/10분","정지","정지","정지","정지","정지","동작","정지"
"2025-11-11 00:00:07","운전","단일제어","99","1157","17.9","92.5","0","1157","17.9","92.5","0","0","0.0","0.0","0","0","0.0","0.0","0","0","0.0","0.0","0","자동","1800","10분/10분","자동","18.0","10분/10분","자동","99.0","10분/10분","자동","9","10분/10분","정지","정지","정지","동작","정지","동작","동작"
"2025-11-12 00:00:32","운전","단일제어","99","935","16.8","89.7","0","935","16.8","89.7","0","0","0.0","0.0","0","0","0.0","0.0","0","0","0.0","0.0","0","자동","1800","10분/10분","자동","17.0","10분/10분","자동","99.0","10분/10분","자동","9","10분/10분","정지","정지","정지","동작","정지","동작","동작"
"2025-11-13 00:00:31","운전","단일제어","99","1316","17.1","99.2","0","1316","17.1","99.2","0","0","0.0","0.0","0","0","0.0","0.0","0","0","0.0","0.0","0","자동","1800","10분/10분","자동","18.0","10분/10분","자동","99.0","10분/10분","자동","9","10분/10분","정지","동작","정지","정지","정지","동작","정지"
"2025-11-14 00:00:31","운전","단일제어","99","1146","17.3","95.8","0","1146","17.3","95.8","0","0","0.0","0.0","0","0","0.0","0.0","0","0","0.0","0.0","0","자동","1800","10분/10분","자동","18.0","10분/10분","자동","99.0","10분/10분","자동","9","10분/10분","정지","정지","정지","동작","정지","동작","동작"
"2025-11-15 00:00:30","운전","단일제어","99","1054","18.2","93.7","0","1054","18.2","93.7","0","0","0.0","0.0","0","0","0.0","0.0","0","0","0.0","0.0","0","자동","1800","10분/10분","자동","19.0","10분/10분","자동","99.0","10분/10분","자동","9","10분/10분","정지","정지","정지","동작","정지","동작","동작"
"2025-11-16 00:00:30","운전","단일제어","99","924","14.3","98.0","0","924","14.3","98.0","0","0","0.0","0.0","0","0","0.0","0.0","0","0","0.0","0.0","0","자동","1800","10분/10분","자동","15.0","10분/10분","자동","99.0","10분/10분","자동","9","10분/10분","정지","정지","정지","동작","정지","동작","동작"
"2025-11-17 00:00:30","운전","단일제어","99","1197","14.7","99.1","0","1197","14.7","99.1","0","0","0.0","0.0","0","0","0.0","0.0","0","0","0.0","0.0","0","자동","1800","10분/10분","자동","15.0","10분/10분","자동","99.0","10분/10분","자동","9","10분/10분","정지","정지","정지","정지","정지","동작","정지"
"2025-11-18 00:00:29","운전","단일제어","99","1017","18.6","92.4","0","1017","18.6","92.4","0","0","0.0","0.0","0","0","0.0","0.0","0","0","0.0","0.0","0","자동","1800","10분/10분","자동","19.0","10분/10분","자동","99.0","10분/10분","자동","9","10분/10분","정지","정지","정지","동작","정지","동작","동작"
"2025-11-19 00:00:29","운전","단일제어","99","697","13.5","93.8","0","697","13.5","93.8","0","0","0.0","0.0","0","0","0.0","0.0","0","0","0.0","0.0","0","자동","1800","10분/10분","자동","14.0","10분/10분","자동","99.0","10분/10분","자동","9","10분/10분","정지","정지","정지","동작","정지","동작","동작"
"2025-11-20 00:00:29","운전","단일제어","99","782","14.9","92.4","0","782","14.9","92.4","0","0","0.0","0.0","0","0","0.0","0.0","0","0","0.0","0.0","0","자동","1800","10분/10분","자동","15.0","10분/10분","자동","99.0","10분/10분","자동","9","10분/10분","정지","정지","정지","동작","정지","동작","동작"
"2025-11-21 00:00:27","운전","단일제어","99","1322","17.0","97.7","0","1322","17.0","97.7","0","0","0.0","0.0","0","0","0.0","0.0","0","0","0.0","0.0","0","자동","1800","10분/10분","자동","18.0","10분/10분","자동","99.0","10분/10분","자동","9","10분/10분","정지","동작","정지","동작","정지","동작","동작"
"2025-11-22 00:00:27","운전","단일제어","99","937","17.7","91.2","0","937","17.7","91.2","0","0","0.0","0.0","0","0","0.0","0.0","0","0","0.0","0.0","0","자동","1800","10분/10분","자동","18.0","10분/10분","자동","99.0","10분/10분","자동","9","10분/10분","정지","동작","정지","동작","정지","동작","동작"
"2025-11-23 00:00:26","운전","단일제어","99","957","14.2","97.2","0","957","14.2","97.2","0","0","0.0","0.0","0","0","0.0","0.0","0","0","0.0","0.0","0","자동","1800","10분/10분","자동","15.0","10분/10분","자동","99.0","10분/10분","자동","9","10분/10분","정지","정지","정지","동작","정지","동작","동작"
"2025-11-24 00:00:26","운전","단일제어","99","1193","15.1","96.8","0","1193","15.1","96.8","0","0","0.0","0.0","0","0","0.0","0.0","0","0","0.0","0.0","0","자동","1800","10분/10분","자동","15.0","10분/10분","자동","99.0","10분/10분","자동","9","10분/10분","정지","정지","정지","동작","정지","동작","정지"
"2025-11-25 00:00:25","운전","단일제어","99","1078","14.2","98.0","0","1078","14.2","98.0","0","0","0.0","0.0","0","0","0.0","0.0","0","0","0.0","0.0","0","자동","1800","10분/10분","자동","15.0","10분/10분","자동","99.0","10분/10분","자동","9","10분/10분","정지","정지","정지","동작","정지","동작","동작"
"2025-11-26 00:00:25","운전","단일제어","99","975","17.3","93.6","0","975","17.3","93.6","0","0","0.0","0.0","0","0","0.0","0.0","0","0","0.0","0.0","0","자동","1800","10분/10분","자동","18.0","10분/10분","자동","99.0","10분/10분","자동","9","10분/10분","정지","정지","정지","동작","정지","동작","동작"
"2025-11-27 00:00:25","운전","단일제어","99","846","13.6","96.6","0","846","13.6","96.6","0","0","0.0","0.0","0","0","0.0","0.0","0","0","0.0","0.0","0","자동","1800","10분/10분","자동","14.0","10분/10분","자동","99.0","10분/10분","자동","9","10분/10분","정지","정지","정지","동작","정지","동작","정지"
"2025-11-28 00:00:24","운전","단일제어","99","1044","16.0","94.3","0","1044","16.0","94.3","0","0","0.0","0.0","0","0","0.0","0.0","0","0","0.0","0.0","0","자동","1800","10분/10분","자동","16.0","10분/10분","자동","99.0","10분/10분","자동","9","10분/10분","정지","정지","정지","동작","정지","동작","동작"
"2025-11-29 00:00:24","운전","단일제어","99","807","15.6","91.3","0","807","15.6","91.3","0","0","0.0","0.0","0","0","0.0","0.0","0","0","0.0","0.0","0","자동","1800","10분/10분","자동","16.0","10분/10분","자동","99.0","10분/10분","자동","9","10분/10분","정지","동작","정지","동작","정지","동작","동작"
"2025-11-30 00:00:23","운전","단일제어","99","940","14.3","95.4","0","940","14.3","95.4","0","0","0.0","0.0","0","0","0.0","0.0","0","0","0.0","0.0","0","자동","1800","10분/10분","자동","15.0","10분/10분","자동","99.0","10분/10분","자동","9","10분/10분","정지","정지","정지","동작","정지","동작","동작"
"2025-12-01 00:00:23","운전","단일제어","99","1514","15.2","98.9","0","1514","15.2","98.9","0","0","0.0","0.0","0","0","0.0","0.0","0","0","0.0","0.0","0","자동","1800","10분/10분","자동","15.0","10분/10분","자동","99.0","10분/10분","자동","9","10분/10분","정지","정지","동작","정지","정지","동작","동작"
"2025-12-02 00:00:22","운전","단일제어","99","368","8.3","99.4","0","368","8.3","99.4","0","0","0.0","0.0","0","0","0.0","0.0","0","0","0.0","0.0","0","자동","1800","10분/10분","자동","17.0","10분/10분","자동","99.0","10분/10분","자동","9","10분/10분","정지","동작","정지","정지","정지","동작","동작"
"2025-12-03 00:00:22","운전","단일제어","99","885","15.5","99.9","0","885","15.5","99.9","0","0","0.0","0.0","0","0","0.0","0.0","0","0","0.0","0.0","0","자동","1800","10분/10분","자동","16.0","10분/10분","자동","99.0","10분/10분","자동","9","10분/10분","정지","정지","정지","정지","정지","동작","정지"
"2025-12-04 00:00:21","운전","단일제어","99","745","15.2","96.5","0","745","15.2","96.5","0","0","0.0","0.0","0","0","0.0","0.0","0","0","0.0","0.0","0","자동","1800","10분/10분","자동","16.0","10분/10분","자동","99.0","10분/10분","자동","9","10분/10분","정지","동작","정지","동작","정지","동작","동작"
"2025-12-05 00:00:21","운전","단일제어","99","710","15.2","92.2","0","710","15.2","92.2","0","0","0.0","0.0","0","0","0.0","0.0","0","0","0.0","0.0","0","자동","1800","10분/10분","자동","16.0","10분/10분","자동","99.0","10분/10분","자동","9","10분/10분","정지","정지","정지","동작","정지","동작","동작"
"2025-12-06 00:00:56","운전","단일제어","99","731","13.1","102.1","0","731","13.1","102.1","0","0","0.0","0.0","0","0","0.0","0.0","0","0","0.0","0.0","0","자동","1800","10분/10분","자동","14.0","10분/10분","자동","99.0","10분/10분","자동","9","10분/10분","정지","동작","정지","정지","동작","동작","정지"
"2025-12-07 00:00:56","운전","단일제어","99","1116","13.1","100.8","0","1116","13.1","100.8","0","0","0.0","0.0","0","0","0.0","0.0","0","0","0.0","0.0","0","자동","1800","10분/10분","자동","14.0","10분/10분","자동","99.0","10분/10분","자동","9","10분/10분","정지","정지","정지","정지","동작","동작","정지"
"2025-12-08 00:00:55","운전","단일제어","99","1007","13.2","99.8","0","1007","13.2","99.8","0","0","0.0","0.0","0","0","0.0","0.0","0","0","0.0","0.0","0","자동","1800","10분/10분","자동","14.0","10분/10분","자동","99.0","10분/10분","자동","9","10분/10분","정지","정지","정지","정지","정지","동작","정지"
"2025-12-09 00:00:28","운전","단일제어","99","796","14.0","96.8","0","796","14.0","96.8","0","0","0.0","0.0","0","0","0.0","0.0","0","0","0.0","0.0","0","자동","1800","10분/10분","자동","14.0","10분/10분","자동","99.0","10분/10분","자동","9","10분/10분","정지","정지","정지","동작","정지","동작","정지"
"2025-12-10 00:00:28","운전","단일제어","99","850","14.6","97.6","0","850","14.6","97.6","0","0","0.0","0.0","0","0","0.0","0.0","0","0","0.0","0.0","0","자동","1800","10분/10분","자동","15.0","10분/10분","자동","99.0","10분/10분","자동","9","10분/10분","정지","동작","정지","동작","정지","동작","정지"
"2025-12-11 00:00:27","운전","단일제어","99","1050","14.4","98.7","0","1050","14.4","98.7","0","0","0.0","0.0","0","0","0.0","0.0","0","0","0.0","0.0","0","자동","1800","10분/10분","자동","15.0","10분/10분","자동","99.0","10분/10분","자동","9","10분/10분","정지","정지","정지","동작","정지","동작","정지"
"2025-12-12 00:00:27","운전","단일제어","99","1055","15.8","96.6","0","1055","15.8","96.6","0","0","0.0","0.0","0","0","0.0","0.0","0","0","0.0","0.0","0","자동","1800","10분/10분","자동","16.0","10분/10분","자동","99.0","10분/10분","자동","9","10분/10분","정지","정지","정지","동작","정지","동작","정지"
"2025-12-13 00:00:26","운전","단일제어","99","928","15.1","96.4","0","928","15.1","96.4","0","0","0.0","0.0","0","0","0.0","0.0","0","0","0.0","0.0","0","자동","1800","10분/10분","자동","15.0","10분/10분","자동","99.0","10분/10분","자동","9","10분/10분","정지","정지","정지","동작","정지","동작","정지"
"2025-12-14 00:00:26","운전","단일제어","99","1136","14.1","100.3","0","1136","14.1","100.3","0","0","0.0","0.0","0","0","0.0","0.0","0","0","0.0","0.0","0","자동","1800","10분/10분","자동","15.0","10분/10분","자동","99.0","10분/10분","자동","9","10분/10분","정지","동작","정지","정지","동작","동작","정지"
"2025-12-15 00:00:25","운전","단일제어","99","925","14.1","102.1","0","925","14.1","102.1","0","0","0.0","0.0","0","0","0.0","0.0","0","0","0.0","0.0","0","자동","1800","10분/10분","자동","15.0","10분/10분","자동","99.0","10분/10분","자동","9","10분/10분","정지","동작","정지","정지","동작","동작","정지"
"2025-12-16 00:00:25","운전","단일제어","99","919","16.0","92.3","0","919","16.0","92.3","0","0","0.0","0.0","0","0","0.0","0.0","0","0","0.0","0.0","0","자동","1800","10분/10분","자동","16.0","10분/10분","자동","99.0","10분/10분","자동","9","10분/10분","정지","정지","정지","동작","정지","동작","동작"
"2025-12-17 00:00:24","운전","단일제어","99","1179","13.3","100.8","0","1179","13.3","100.8","0","0","0.0","0.0","0","0","0.0","0.0","0","0","0.0","0.0","0","자동","1800","10분/10분","자동","14.0","10분/10분","자동","99.0","10분/10분","자동","9","10분/10분","정지","정지","정지","정지","동작","동작","정지"
"2025-12-18 00:00:24","운전","단일제어","99","924","17.0","91.4","0","924","17.0","91.4","0","0","0.0","0.0","0","0","0.0","0.0","0","0","0.0","0.0","0","자동","1800","10분/10분","자동","17.0","10분/10분","자동","99.0","10분/10분","자동","9","10분/10분","정지","정지","정지","동작","정지","동작","동작"
